Denominazione impianto,Codice S.I.F.,Comune,Esercente,Data Primo collaudo,Data Ultimo Collaudo,Lunghezza Inclinata (m),Dislivello (m),Stazione di Valle (m.s.l.m.),Capacit√† Veicolo (pers.),Portata Max (Pers/h),Opere Paravalanghe ,Servizio
Trento - Sardagna,B007e,Trento,Soc. Trentino Trasporti Esercizio,08-apr-64,18-mar-03,1157,400,200,13,270,#,annuale
Mezzocorona - Monte,B008e,Mezzocorona,Soc.Fun. Monte Mezzocorona,22-dic-04,22-dic-04,933,623,267,7,130,si (frane),annuale
Alba - Ciampac,B014m,Canazei,Soc.Fun. Ciampac e Contrin,20-mag-75,27-nov-14,1902,658,1496,75,840,#,bistagionale
Pecol - Col dei Rossi,B017m,Canazei,S.I.T.C.,09-feb-79,05-dic-97,1313,450,1932,76,1100,si,bistagionale
P. S.Pellegrino - Col Margherita,B022m,Moena,Soc.Fun. Col Margherita,11-mar-82,14-dic-01,1395,639,1874,97,1330,#,bistagionale
Vigo di Fassa - Ciampedie,B026m,Vigo di Fassa,Soc.Catinaccio Impianti a Fune,24-lug-85,23-giu-05,1523,570,1431,101,1300,#,bistagionale
Campitello - Col Rodella ,B027m,Canazei,S.I.T.C.,06-dic-86,07-lug-05,2472,984,1411,126,1160,si,bistagionale
Passo Pordoi - Sass Pordoi,B028m,Canazei,S.I.T.C.,23-mag-95,23-mag-95,1487,708,2240,65,820,#,bistagionale
Col Verde - Rosetta,B029b,Tonadico,Imprese e Territorio Soc. Cons. s.r.l.,21-lug-04,21-lug-04,1336,674,1935,41,420,si + M.G.,bistagionale
Tarlenta - Rifugio Mantova,B030g,Peio,Soc.Fun. Peio,30-dic-10,30-dic-10,2856,992,2001,101,860,si + frane,bistagionale
